{
  "annotations": {
    "list": []
  },
  "panels": [
    {
      "type": "timeseries",
      "title": "Equity NAV",
      "targets": [
        {
          "expr": "equity_nav"
        }
      ],
      "gridPos": {
        "h": 8,
        "w": 24,
        "x": 0,
        "y": 0
      }
    },
    {
      "type": "timeseries",
      "title": "Drawdown",
      "targets": [
        {
          "expr": "portfolio_drawdown"
        }
      ],
      "gridPos": {
        "h": 8,
        "w": 24,
        "x": 0,
        "y": 8
      }
    },
    {
      "type": "timeseries",
      "title": "Tick-to-Trade (ms)",
      "targets": [
        {
          "expr": "histogram_quantile(0.95, sum(rate(tick_to_trade_ms_bucket[1m])) by (le))"
        }
      ],
      "gridPos": {
        "h": 8,
        "w": 24,
        "x": 0,
        "y": 16
      }
    }
  ],
  "title": "ANGEL.AI \u2014 Trading KPIs",
  "timezone": "browser",
  "schemaVersion": 39,
  "version": 1
}
